"ID","Tramite","Campaña","Numero_semanas_por_campaña","EMedia_Tramites_por_semana","EBaja_Tramites_por_semana","EAlta_Tramites_por_semana","EMedia_Tramites_por_campaña","EBaja_Tramites_por_campaña","EAlta_Tramites_por_campaña"
"AGUASCALIENTES-DTO-1","ENTREGA_CPV","CAP_2021",13,214,118.5,536.5,2782,1540.5,6974.5
"AGUASCALIENTES-DTO-1","TOTAL_SOLICITUDES","CAP_2021",13,637,135,1016,8281,1755,13208
"AGUASCALIENTES-DTO-2","ENTREGA_CPV","CAP_2021",13,532,477,1289,6916,6201,16757
"AGUASCALIENTES-DTO-2","TOTAL_SOLICITUDES","CAP_2021",13,1294,461.5,1599.5,16822,5999.5,20793.5
"AGUASCALIENTES-DTO-3","ENTREGA_CPV","CAP_2021",13,751,571.5,1005.5,9763,7429.5,13071.5
"AGUASCALIENTES-DTO-3","TOTAL_SOLICITUDES","CAP_2021",13,1246,505,1483.5,16198,6565,19285.5
"BAJA CALIFORNIA-DTO-1","ENTREGA_CPV","CAP_2021",13,238,234.5,677,3094,3048.5,8801
"BAJA CALIFORNIA-DTO-1","TOTAL_SOLICITUDES","CAP_2021",13,791,221,1086,10283,2873,14118
"BAJA CALIFORNIA-DTO-2","ENTREGA_CPV","CAP_2021",13,315,280.5,677.5,4095,3646.5,8807.5
"BAJA CALIFORNIA-DTO-2","TOTAL_SOLICITUDES","CAP_2021",13,608,298.5,1472.5,7904,3880.5,19142.5
"BAJA CALIFORNIA-DTO-3","ENTREGA_CPV","CAP_2021",13,327,226,442,4251,2938,5746
"BAJA CALIFORNIA-DTO-3","TOTAL_SOLICITUDES","CAP_2021",13,346,271.5,1665,4498,3529.5,21645
"BAJA CALIFORNIA-DTO-4","ENTREGA_CPV","CAP_2021",13,189,80.5,617,2457,1046.5,8021
"BAJA CALIFORNIA-DTO-4","TOTAL_SOLICITUDES","CAP_2021",13,483,140.5,1315.5,6279,1826.5,17101.5
"BAJA CALIFORNIA-DTO-5","ENTREGA_CPV","CAP_2021",13,719,567,1415,9347,7371,18395
"BAJA CALIFORNIA-DTO-5","TOTAL_SOLICITUDES","CAP_2021",13,1476,565,2793.5,19188,7345,36315.5
"BAJA CALIFORNIA-DTO-6","ENTREGA_CPV","CAP_2021",13,299,239.5,654,3887,3113.5,8502
"BAJA CALIFORNIA-DTO-6","TOTAL_SOLICITUDES","CAP_2021",13,303,275,1519,3939,3575,19747
"BAJA CALIFORNIA-DTO-7","ENTREGA_CPV","CAP_2021",13,260,238.5,824.5,3380,3100.5,10718.5
"BAJA CALIFORNIA-DTO-7","TOTAL_SOLICITUDES","CAP_2021",13,938,266,1687.5,12194,3458,21937.5
"BAJA CALIFORNIA-DTO-8","ENTREGA_CPV","CAP_2021",13,462,314.5,771,6006,4088.5,10023
"BAJA CALIFORNIA-DTO-8","TOTAL_SOLICITUDES","CAP_2021",13,445,312,1877,5785,4056,24401
"BAJA CALIFORNIA SUR-DTO-1","ENTREGA_CPV","CAP_2021",13,410,301,541.5,5330,3913,7039.5
"BAJA CALIFORNIA SUR-DTO-1","TOTAL_SOLICITUDES","CAP_2021",13,521,336,888,6773,4368,11544
"BAJA CALIFORNIA SUR-DTO-2","ENTREGA_CPV","CAP_2021",13,267,201,555,3471,2613,7215
"BAJA CALIFORNIA SUR-DTO-2","TOTAL_SOLICITUDES","CAP_2021",13,510,223.5,1188,6630,2905.5,15444
"CAMPECHE-DTO-1","ENTREGA_CPV","CAP_2021",13,478,342,564,6214,4446,7332
"CAMPECHE-DTO-1","TOTAL_SOLICITUDES","CAP_2021",13,546,463,898.5,7098,6019,11680.5
"CAMPECHE-DTO-2","ENTREGA_CPV","CAP_2021",13,275,201,318.5,3575,2613,4140.5
"CAMPECHE-DTO-2","TOTAL_SOLICITUDES","CAP_2021",13,300,247.5,710,3900,3217.5,9230
"CHIAPAS-DTO-1","ENTREGA_CPV","CAP_2021",13,66,47,170.5,858,611,2216.5
"CHIAPAS-DTO-1","TOTAL_SOLICITUDES","CAP_2021",13,115,70,683,1495,910,8879
"CHIAPAS-DTO-10","ENTREGA_CPV","CAP_2021",13,56,34,231.5,728,442,3009.5
"CHIAPAS-DTO-10","TOTAL_SOLICITUDES","CAP_2021",13,279,36,955.5,3627,468,12421.5
"CHIAPAS-DTO-11","ENTREGA_CPV","CAP_2021",13,18,10,30,234,130,390
"CHIAPAS-DTO-11","TOTAL_SOLICITUDES","CAP_2021",13,39,26.5,456.5,507,344.5,5934.5
"CHIAPAS-DTO-12","ENTREGA_CPV","CAP_2021",13,542,241,634.5,7046,3133,8248.5
"CHIAPAS-DTO-12","TOTAL_SOLICITUDES","CAP_2021",13,508,348,1208,6604,4524,15704
"CHIAPAS-DTO-13","ENTREGA_CPV","CAP_2021",13,43,8,61,559,104,793
"CHIAPAS-DTO-13","TOTAL_SOLICITUDES","CAP_2021",13,53,44.5,361.5,689,578.5,4699.5
"CHIAPAS-DTO-2","ENTREGA_CPV","CAP_2021",13,62,34,83.5,806,442,1085.5
"CHIAPAS-DTO-2","TOTAL_SOLICITUDES","CAP_2021",13,57,33.5,606.5,741,435.5,7884.5
"CHIAPAS-DTO-3","ENTREGA_CPV","CAP_2021",13,187,102,260.5,2431,1326,3386.5
"CHIAPAS-DTO-3","TOTAL_SOLICITUDES","CAP_2021",13,218,150.5,779,2834,1956.5,10127
"CHIAPAS-DTO-4","ENTREGA_CPV","CAP_2021",13,180,77.5,220,2340,1007.5,2860
"CHIAPAS-DTO-4","TOTAL_SOLICITUDES","CAP_2021",13,230,131.5,480.5,2990,1709.5,6246.5
"CHIAPAS-DTO-5","ENTREGA_CPV","CAP_2021",13,330,275.5,716.5,4290,3581.5,9314.5
"CHIAPAS-DTO-5","TOTAL_SOLICITUDES","CAP_2021",13,724,272,1357,9412,3536,17641
"CHIAPAS-DTO-6","ENTREGA_CPV","CAP_2021",13,308,207,485.5,4004,2691,6311.5
"CHIAPAS-DTO-6","TOTAL_SOLICITUDES","CAP_2021",13,339,298.5,1034.5,4407,3880.5,13448.5
"CHIAPAS-DTO-7","ENTREGA_CPV","CAP_2021",13,259,163,319,3367,2119,4147
"CHIAPAS-DTO-7","TOTAL_SOLICITUDES","CAP_2021",13,336,256.5,844.5,4368,3334.5,10978.5
"CHIAPAS-DTO-8","ENTREGA_CPV","CAP_2021",13,246,164.5,359.5,3198,2138.5,4673.5
"CHIAPAS-DTO-8","TOTAL_SOLICITUDES","CAP_2021",13,283,247.5,1271.5,3679,3217.5,16529.5
"CHIAPAS-DTO-9","ENTREGA_CPV","CAP_2021",13,532,292.5,756.5,6916,3802.5,9834.5
"CHIAPAS-DTO-9","TOTAL_SOLICITUDES","CAP_2021",13,628,464.5,1182,8164,6038.5,15366
"CHIHUAHUA-DTO-1","ENTREGA_CPV","CAP_2021",13,286,221.5,563,3718,2879.5,7319
"CHIHUAHUA-DTO-1","TOTAL_SOLICITUDES","CAP_2021",13,584,276.5,823,7592,3594.5,10699
"CHIHUAHUA-DTO-2","ENTREGA_CPV","CAP_2021",13,391,227.5,856.5,5083,2957.5,11134.5
"CHIHUAHUA-DTO-2","TOTAL_SOLICITUDES","CAP_2021",13,1120,237,1615,14560,3081,20995
"CHIHUAHUA-DTO-3","ENTREGA_CPV","CAP_2021",13,543,431.5,826,7059,5609.5,10738
"CHIHUAHUA-DTO-3","TOTAL_SOLICITUDES","CAP_2021",13,1002,352.5,1214,13026,4582.5,15782
"CHIHUAHUA-DTO-4","ENTREGA_CPV","CAP_2021",13,417,341,712.5,5421,4433,9262.5
"CHIHUAHUA-DTO-4","TOTAL_SOLICITUDES","CAP_2021",13,836,318,1144.5,10868,4134,14878.5
"CHIHUAHUA-DTO-5","ENTREGA_CPV","CAP_2021",13,192,160,342,2496,2080,4446
"CHIHUAHUA-DTO-5","TOTAL_SOLICITUDES","CAP_2021",13,331,179.5,846,4303,2333.5,10998
"CHIHUAHUA-DTO-6","ENTREGA_CPV","CAP_2021",13,593,496,941,7709,6448,12233
"CHIHUAHUA-DTO-6","TOTAL_SOLICITUDES","CAP_2021",13,1127,509.5,1457.5,14651,6623.5,18947.5
"CHIHUAHUA-DTO-7","ENTREGA_CPV","CAP_2021",13,132,93,345,1716,1209,4485
"CHIHUAHUA-DTO-7","TOTAL_SOLICITUDES","CAP_2021",13,372,128.5,1107.5,4836,1670.5,14397.5
"CHIHUAHUA-DTO-8","ENTREGA_CPV","CAP_2021",13,563,327,843.5,7319,4251,10965.5
"CHIHUAHUA-DTO-8","TOTAL_SOLICITUDES","CAP_2021",13,1071,320,1287.5,13923,4160,16737.5
"CHIHUAHUA-DTO-9","ENTREGA_CPV","CAP_2021",13,90,51.5,284.5,1170,669.5,3698.5
"CHIHUAHUA-DTO-9","TOTAL_SOLICITUDES","CAP_2021",13,243,98.5,618.5,3159,1280.5,8040.5
"CIUDAD DE MEXICO-DTO-1","ENTREGA_CPV","CAP_2021",13,346,209.5,376.5,4498,2723.5,4894.5
"CIUDAD DE MEXICO-DTO-1","TOTAL_SOLICITUDES","CAP_2021",13,353,321.5,613,4589,4179.5,7969
"CIUDAD DE MEXICO-DTO-10","ENTREGA_CPV","CAP_2021",13,666,380.5,673,8658,4946.5,8749
"CIUDAD DE MEXICO-DTO-10","TOTAL_SOLICITUDES","CAP_2021",13,563,452.5,1068,7319,5882.5,13884
"CIUDAD DE MEXICO-DTO-11","ENTREGA_CPV","CAP_2021",13,837,508,949.5,10881,6604,12343.5
"CIUDAD DE MEXICO-DTO-11","TOTAL_SOLICITUDES","CAP_2021",13,743,481,1483.5,9659,6253,19285.5
"CIUDAD DE MEXICO-DTO-12","ENTREGA_CPV","CAP_2021",13,1019,569.5,1405.5,13247,7403.5,18271.5
"CIUDAD DE MEXICO-DTO-12","TOTAL_SOLICITUDES","CAP_2021",13,1182,759,1589.5,15366,9867,20663.5
"CIUDAD DE MEXICO-DTO-13","ENTREGA_CPV","CAP_2021",13,628,381,711.5,8164,4953,9249.5
"CIUDAD DE MEXICO-DTO-13","TOTAL_SOLICITUDES","CAP_2021",13,575,542.5,1073.5,7475,7052.5,13955.5
"CIUDAD DE MEXICO-DTO-14","ENTREGA_CPV","CAP_2021",13,369,306,639.5,4797,3978,8313.5
"CIUDAD DE MEXICO-DTO-14","TOTAL_SOLICITUDES","CAP_2021",13,659,462.5,776.5,8567,6012.5,10094.5
"CIUDAD DE MEXICO-DTO-15","ENTREGA_CPV","CAP_2021",13,1466,989.5,1912,19058,12863.5,24856
"CIUDAD DE MEXICO-DTO-15","TOTAL_SOLICITUDES","CAP_2021",13,1624,1174,2669,21112,15262,34697
"CIUDAD DE MEXICO-DTO-16","ENTREGA_CPV","CAP_2021",13,1388,973.5,1644,18044,12655.5,21372
"CIUDAD DE MEXICO-DTO-16","TOTAL_SOLICITUDES","CAP_2021",13,1270,1198,1788.5,16510,15574,23250.5
"CIUDAD DE MEXICO-DTO-17","ENTREGA_CPV","CAP_2021",13,572,406,711,7436,5278,9243
"CIUDAD DE MEXICO-DTO-17","TOTAL_SOLICITUDES","CAP_2021",13,680,570,877,8840,7410,11401
"CIUDAD DE MEXICO-DTO-18","ENTREGA_CPV","CAP_2021",13,936,543.5,1205.5,12168,7065.5,15671.5
"CIUDAD DE MEXICO-DTO-18","TOTAL_SOLICITUDES","CAP_2021",13,864,634.5,1589,11232,8248.5,20657
"CIUDAD DE MEXICO-DTO-19","ENTREGA_CPV","CAP_2021",13,443,202,611,5759,2626,7943
"CIUDAD DE MEXICO-DTO-19","TOTAL_SOLICITUDES","CAP_2021",13,451,299,1290,5863,3887,16770
"CIUDAD DE MEXICO-DTO-2","ENTREGA_CPV","CAP_2021",13,1839,1006.5,2109,23907,13084.5,27417
"CIUDAD DE MEXICO-DTO-2","TOTAL_SOLICITUDES","CAP_2021",13,1650,1293.5,2683,21450,16815.5,34879
"CIUDAD DE MEXICO-DTO-20","ENTREGA_CPV","CAP_2021",13,141,85,179.5,1833,1105,2333.5
"CIUDAD DE MEXICO-DTO-20","TOTAL_SOLICITUDES","CAP_2021",13,207,134,251,2691,1742,3263
"CIUDAD DE MEXICO-DTO-21","ENTREGA_CPV","CAP_2021",13,353,222,413.5,4589,2886,5375.5
"CIUDAD DE MEXICO-DTO-21","TOTAL_SOLICITUDES","CAP_2021",13,307,269.5,723.5,3991,3503.5,9405.5
"CIUDAD DE MEXICO-DTO-22","ENTREGA_CPV","CAP_2021",13,393,231.5,561.5,5109,3009.5,7299.5
"CIUDAD DE MEXICO-DTO-22","TOTAL_SOLICITUDES","CAP_2021",13,421,305.5,1085.5,5473,3971.5,14111.5
"CIUDAD DE MEXICO-DTO-23","ENTREGA_CPV","CAP_2021",13,761,452.5,923,9893,5882.5,11999
"CIUDAD DE MEXICO-DTO-23","TOTAL_SOLICITUDES","CAP_2021",13,716,602,1131,9308,7826,14703
"CIUDAD DE MEXICO-DTO-24","ENTREGA_CPV","CAP_2021",13,1357,811,1581,17641,10543,20553
"CIUDAD DE MEXICO-DTO-24","TOTAL_SOLICITUDES","CAP_2021",13,1223,1088,2145.5,15899,14144,27891.5
"CIUDAD DE MEXICO-DTO-3","ENTREGA_CPV","CAP_2021",13,890,615.5,1022.5,11570,8001.5,13292.5
"CIUDAD DE MEXICO-DTO-3","TOTAL_SOLICITUDES","CAP_2021",13,911,796.5,1373,11843,10354.5,17849
"CIUDAD DE MEXICO-DTO-4","ENTREGA_CPV","CAP_2021",13,659,569,855.5,8567,7397,11121.5
"CIUDAD DE MEXICO-DTO-4","TOTAL_SOLICITUDES","CAP_2021",13,898,605.5,1478.5,11674,7871.5,19220.5
"CIUDAD DE MEXICO-DTO-5","ENTREGA_CPV","CAP_2021",13,582,401.5,761,7566,5219.5,9893
"CIUDAD DE MEXICO-DTO-5","TOTAL_SOLICITUDES","CAP_2021",13,653,570,1028.5,8489,7410,13370.5
"CIUDAD DE MEXICO-DTO-6","ENTREGA_CPV","CAP_2021",13,492,328,549.5,6396,4264,7143.5
"CIUDAD DE MEXICO-DTO-6","TOTAL_SOLICITUDES","CAP_2021",13,489,455,685.5,6357,5915,8911.5
"CIUDAD DE MEXICO-DTO-7","ENTREGA_CPV","CAP_2021",13,569,425.5,819,7397,5531.5,10647
"CIUDAD DE MEXICO-DTO-7","TOTAL_SOLICITUDES","CAP_2021",13,739,591,970,9607,7683,12610
"CIUDAD DE MEXICO-DTO-8","ENTREGA_CPV","CAP_2021",13,501,270.5,601,6513,3516.5,7813
"CIUDAD DE MEXICO-DTO-8","TOTAL_SOLICITUDES","CAP_2021",13,423,371.5,839,5499,4829.5,10907
"CIUDAD DE MEXICO-DTO-9","ENTREGA_CPV","CAP_2021",13,425,298.5,560,5525,3880.5,7280
"CIUDAD DE MEXICO-DTO-9","TOTAL_SOLICITUDES","CAP_2021",13,459,404,873,5967,5252,11349
"COAHUILA-DTO-1","ENTREGA_CPV","CAP_2021",13,307,231.5,705.5,3991,3009.5,9171.5
"COAHUILA-DTO-1","TOTAL_SOLICITUDES","CAP_2021",13,948,226,1312,12324,2938,17056
"COAHUILA-DTO-2","ENTREGA_CPV","CAP_2021",13,95,84,174,1235,1092,2262
"COAHUILA-DTO-2","TOTAL_SOLICITUDES","CAP_2021",13,167,70,991.5,2171,910,12889.5
"COAHUILA-DTO-3","ENTREGA_CPV","CAP_2021",13,293,291.5,508,3809,3789.5,6604
"COAHUILA-DTO-3","TOTAL_SOLICITUDES","CAP_2021",13,692,267.5,1094.5,8996,3477.5,14228.5
"COAHUILA-DTO-4","ENTREGA_CPV","CAP_2021",13,584,507.5,869,7592,6597.5,11297
"COAHUILA-DTO-4","TOTAL_SOLICITUDES","CAP_2021",13,1148,470.5,1424,14924,6116.5,18512
"COAHUILA-DTO-5","ENTREGA_CPV","CAP_2021",13,434,415.5,760.5,5642,5401.5,9886.5
"COAHUILA-DTO-5","TOTAL_SOLICITUDES","CAP_2021",13,925,476.5,1198.5,12025,6194.5,15580.5
"COAHUILA-DTO-6","ENTREGA_CPV","CAP_2021",13,219,200.5,400,2847,2606.5,5200
"COAHUILA-DTO-6","TOTAL_SOLICITUDES","CAP_2021",13,467,221.5,781,6071,2879.5,10153
"COAHUILA-DTO-7","ENTREGA_CPV","CAP_2021",13,287,261,450,3731,3393,5850
"COAHUILA-DTO-7","TOTAL_SOLICITUDES","CAP_2021",13,543,288.5,865,7059,3750.5,11245
"COLIMA-DTO-1","ENTREGA_CPV","CAP_2021",13,369,324,523,4797,4212,6799
"COLIMA-DTO-1","TOTAL_SOLICITUDES","CAP_2021",13,717,315,984,9321,4095,12792
"COLIMA-DTO-2","ENTREGA_CPV","CAP_2021",13,296,166,513,3848,2158,6669
"COLIMA-DTO-2","TOTAL_SOLICITUDES","CAP_2021",13,629,223,1001,8177,2899,13013
"DURANGO-DTO-1","ENTREGA_CPV","CAP_2021",13,227,162.5,371.5,2951,2112.5,4829.5
"DURANGO-DTO-1","TOTAL_SOLICITUDES","CAP_2021",13,209,183,852.5,2717,2379,11082.5
"DURANGO-DTO-2","ENTREGA_CPV","CAP_2021",13,259,155,456.5,3367,2015,5934.5
"DURANGO-DTO-2","TOTAL_SOLICITUDES","CAP_2021",13,434,226.5,1091.5,5642,2944.5,14189.5
"DURANGO-DTO-3","ENTREGA_CPV","CAP_2021",13,141,112,299.5,1833,1456,3893.5
"DURANGO-DTO-3","TOTAL_SOLICITUDES","CAP_2021",13,323,118.5,702,4199,1540.5,9126
"DURANGO-DTO-4","ENTREGA_CPV","CAP_2021",13,602,561.5,904,7826,7299.5,11752
"DURANGO-DTO-4","TOTAL_SOLICITUDES","CAP_2021",13,1135,505,1430.5,14755,6565,18596.5
"GUANAJUATO-DTO-1","ENTREGA_CPV","CAP_2021",13,224,216.5,429,2912,2814.5,5577
"GUANAJUATO-DTO-1","TOTAL_SOLICITUDES","CAP_2021",13,488,190.5,892,6344,2476.5,11596
"GUANAJUATO-DTO-10","ENTREGA_CPV","CAP_2021",13,284,234,767.5,3692,3042,9977.5
"GUANAJUATO-DTO-10","TOTAL_SOLICITUDES","CAP_2021",13,961,231,1241,12493,3003,16133
"GUANAJUATO-DTO-11","ENTREGA_CPV","CAP_2021",13,324,136.5,464.5,4212,1774.5,6038.5
"GUANAJUATO-DTO-11","TOTAL_SOLICITUDES","CAP_2021",13,589,261,858,7657,3393,11154
"GUANAJUATO-DTO-12","ENTREGA_CPV","CAP_2021",13,564,450.5,918,7332,5856.5,11934
"GUANAJUATO-DTO-12","TOTAL_SOLICITUDES","CAP_2021",13,718,452.5,1493,9334,5882.5,19409
"GUANAJUATO-DTO-13","ENTREGA_CPV","CAP_2021",13,167,145,388,2171,1885,5044
"GUANAJUATO-DTO-13","TOTAL_SOLICITUDES","CAP_2021",13,426,136.5,886.5,5538,1774.5,11524.5
"GUANAJUATO-DTO-14","ENTREGA_CPV","CAP_2021",13,227,191,395.5,2951,2483,5141.5
"GUANAJUATO-DTO-14","TOTAL_SOLICITUDES","CAP_2021",13,438,167,986.5,5694,2171,12824.5
"GUANAJUATO-DTO-15","ENTREGA_CPV","CAP_2021",13,269,245.5,422,3497,3191.5,5486
"GUANAJUATO-DTO-15","TOTAL_SOLICITUDES","CAP_2021",13,515,216,806.5,6695,2808,10484.5
"GUANAJUATO-DTO-2","ENTREGA_CPV","CAP_2021",13,307,244.5,553,3991,3178.5,7189
"GUANAJUATO-DTO-2","TOTAL_SOLICITUDES","CAP_2021",13,748,224.5,1006,9724,2918.5,13078
"GUANAJUATO-DTO-3","ENTREGA_CPV","CAP_2021",13,309,224,449,4017,2912,5837
"GUANAJUATO-DTO-3","TOTAL_SOLICITUDES","CAP_2021",13,328,315.5,850.5,4264,4101.5,11056.5
"GUANAJUATO-DTO-4","ENTREGA_CPV","CAP_2021",13,230,176,385.5,2990,2288,5011.5
"GUANAJUATO-DTO-4","TOTAL_SOLICITUDES","CAP_2021",13,430,186,777,5590,2418,10101
"GUANAJUATO-DTO-5","ENTREGA_CPV","CAP_2021",13,563,500,854.5,7319,6500,11108.5
"GUANAJUATO-DTO-5","TOTAL_SOLICITUDES","CAP_2021",13,711,503,1602,9243,6539,20826
"GUANAJUATO-DTO-6","ENTREGA_CPV","CAP_2021",13,346,259,711.5,4498,3367,9249.5
"GUANAJUATO-DTO-6","TOTAL_SOLICITUDES","CAP_2021",13,706,337,1112.5,9178,4381,14462.5
"GUANAJUATO-DTO-7","ENTREGA_CPV","CAP_2021",13,249,115.5,537.5,3237,1501.5,6987.5
"GUANAJUATO-DTO-7","TOTAL_SOLICITUDES","CAP_2021",13,617,167.5,1095.5,8021,2177.5,14241.5
"GUANAJUATO-DTO-8","ENTREGA_CPV","CAP_2021",13,361,261.5,567,4693,3399.5,7371
"GUANAJUATO-DTO-8","TOTAL_SOLICITUDES","CAP_2021",13,322,297.5,1195,4186,3867.5,15535
"GUANAJUATO-DTO-9","ENTREGA_CPV","CAP_2021",13,534,263,882.5,6942,3419,11472.5
"GUANAJUATO-DTO-9","TOTAL_SOLICITUDES","CAP_2021",13,1161,443,1501,15093,5759,19513
"GUERRERO-DTO-1","ENTREGA_CPV","CAP_2021",13,150,88.5,205.5,1950,1150.5,2671.5
"GUERRERO-DTO-1","TOTAL_SOLICITUDES","CAP_2021",13,143,129.5,729.5,1859,1683.5,9483.5
"GUERRERO-DTO-2","ENTREGA_CPV","CAP_2021",13,434,293.5,569.5,5642,3815.5,7403.5
"GUERRERO-DTO-2","TOTAL_SOLICITUDES","CAP_2021",13,487,345,1096,6331,4485,14248
"GUERRERO-DTO-3","ENTREGA_CPV","CAP_2021",13,150,105.5,218,1950,1371.5,2834
"GUERRERO-DTO-3","TOTAL_SOLICITUDES","CAP_2021",13,159,141.5,1116.5,2067,1839.5,14514.5
"GUERRERO-DTO-4","ENTREGA_CPV","CAP_2021",13,495,412,701,6435,5356,9113
"GUERRERO-DTO-4","TOTAL_SOLICITUDES","CAP_2021",13,628,456.5,1211,8164,5934.5,15743
"GUERRERO-DTO-5","ENTREGA_CPV","CAP_2021",13,128,61,250,1664,793,3250
"GUERRERO-DTO-5","TOTAL_SOLICITUDES","CAP_2021",13,290,87,1095.5,3770,1131,14241.5
"GUERRERO-DTO-6","ENTREGA_CPV","CAP_2021",13,81,69,214.5,1053,897,2788.5
"GUERRERO-DTO-6","TOTAL_SOLICITUDES","CAP_2021",13,237,41.5,685,3081,539.5,8905
"GUERRERO-DTO-7","ENTREGA_CPV","CAP_2021",13,369,310.5,566.5,4797,4036.5,7364.5
"GUERRERO-DTO-7","TOTAL_SOLICITUDES","CAP_2021",13,601,355,1007.5,7813,4615,13097.5
"GUERRERO-DTO-8","ENTREGA_CPV","CAP_2021",13,116,65.5,177.5,1508,851.5,2307.5
"GUERRERO-DTO-8","TOTAL_SOLICITUDES","CAP_2021",13,122,104,577,1586,1352,7501
"GUERRERO-DTO-9","ENTREGA_CPV","CAP_2021",13,339,274,611,4407,3562,7943
"GUERRERO-DTO-9","TOTAL_SOLICITUDES","CAP_2021",13,624,314.5,1110.5,8112,4088.5,14436.5
"HIDALGO-DTO-1","ENTREGA_CPV","CAP_2021",13,137,86.5,286.5,1781,1124.5,3724.5
"HIDALGO-DTO-1","TOTAL_SOLICITUDES","CAP_2021",13,223,110,821,2899,1430,10673
"HIDALGO-DTO-2","ENTREGA_CPV","CAP_2021",13,182,61.5,237.5,2366,799.5,3087.5
"HIDALGO-DTO-2","TOTAL_SOLICITUDES","CAP_2021",13,218,157,567,2834,2041,7371
"HIDALGO-DTO-3","ENTREGA_CPV","CAP_2021",13,220,137,266.5,2860,1781,3464.5
"HIDALGO-DTO-3","TOTAL_SOLICITUDES","CAP_2021",13,207,185.5,620,2691,2411.5,8060
"HIDALGO-DTO-4","ENTREGA_CPV","CAP_2021",13,294,164.5,530,3822,2138.5,6890
"HIDALGO-DTO-4","TOTAL_SOLICITUDES","CAP_2021",13,426,285.5,803.5,5538,3711.5,10445.5
"HIDALGO-DTO-5","ENTREGA_CPV","CAP_2021",13,469,227,796,6097,2951,10348
"HIDALGO-DTO-5","TOTAL_SOLICITUDES","CAP_2021",13,638,325,1157.5,8294,4225,15047.5
"HIDALGO-DTO-6","ENTREGA_CPV","CAP_2021",13,810,496,1329.5,10530,6448,17283.5
"HIDALGO-DTO-6","TOTAL_SOLICITUDES","CAP_2021",13,1050,871.5,2534,13650,11329.5,32942
"HIDALGO-DTO-7","ENTREGA_CPV","CAP_2021",13,459,299,780,5967,3887,10140
"HIDALGO-DTO-7","TOTAL_SOLICITUDES","CAP_2021",13,649,395,1618.5,8437,5135,21040.5
"JALISCO-DTO-1","ENTREGA_CPV","CAP_2021",13,67,44.5,103.5,871,578.5,1345.5
"JALISCO-DTO-1","TOTAL_SOLICITUDES","CAP_2021",13,79,54,522.5,1027,702,6792.5
"JALISCO-DTO-10","ENTREGA_CPV","CAP_2021",13,708,428.5,853,9204,5570.5,11089
"JALISCO-DTO-10","TOTAL_SOLICITUDES","CAP_2021",13,641,591.5,1063.5,8333,7689.5,13825.5
"JALISCO-DTO-11","ENTREGA_CPV","CAP_2021",13,336,271,445,4368,3523,5785
"JALISCO-DTO-11","TOTAL_SOLICITUDES","CAP_2021",13,376,330.5,785,4888,4296.5,10205
"JALISCO-DTO-12","ENTREGA_CPV","CAP_2021",13,315,234.5,600,4095,3048.5,7800
"JALISCO-DTO-12","TOTAL_SOLICITUDES","CAP_2021",13,712,265.5,1046,9256,3451.5,13598
"JALISCO-DTO-13","ENTREGA_CPV","CAP_2021",13,318,226.5,575.5,4134,2944.5,7481.5
"JALISCO-DTO-13","TOTAL_SOLICITUDES","CAP_2021",13,380,263.5,918.5,4940,3425.5,11940.5
"JALISCO-DTO-14","ENTREGA_CPV","CAP_2021",13,384,296.5,659.5,4992,3854.5,8573.5
"JALISCO-DTO-14","TOTAL_SOLICITUDES","CAP_2021",13,487,334.5,931,6331,4348.5,12103
"JALISCO-DTO-15","ENTREGA_CPV","CAP_2021",13,202,160,504,2626,2080,6552
"JALISCO-DTO-15","TOTAL_SOLICITUDES","CAP_2021",13,677,159,1127,8801,2067,14651
"JALISCO-DTO-16","ENTREGA_CPV","CAP_2021",13,327,298,533.5,4251,3874,6935.5
"JALISCO-DTO-16","TOTAL_SOLICITUDES","CAP_2021",13,392,320.5,714.5,5096,4166.5,9288.5
"JALISCO-DTO-17","ENTREGA_CPV","CAP_2021",13,115,59,166,1495,767,2158
"JALISCO-DTO-17","TOTAL_SOLICITUDES","CAP_2021",13,109,98,524,1417,1274,6812
"JALISCO-DTO-18","ENTREGA_CPV","CAP_2021",13,187,115.5,331.5,2431,1501.5,4309.5
"JALISCO-DTO-18","TOTAL_SOLICITUDES","CAP_2021",13,453,236,964.5,5889,3068,12538.5
"JALISCO-DTO-19","ENTREGA_CPV","CAP_2021",13,235,202,364,3055,2626,4732
"JALISCO-DTO-19","TOTAL_SOLICITUDES","CAP_2021",13,410,178.5,912,5330,2320.5,11856
"JALISCO-DTO-2","ENTREGA_CPV","CAP_2021",13,121,80,305,1573,1040,3965
"JALISCO-DTO-2","TOTAL_SOLICITUDES","CAP_2021",13,147,122.5,821.5,1911,1592.5,10679.5
"JALISCO-DTO-20","ENTREGA_CPV","CAP_2021",13,94,75.5,202,1222,981.5,2626
"JALISCO-DTO-20","TOTAL_SOLICITUDES","CAP_2021",13,248,80.5,654,3224,1046.5,8502
"JALISCO-DTO-3","ENTREGA_CPV","CAP_2021",13,113,66,317,1469,858,4121
"JALISCO-DTO-3","TOTAL_SOLICITUDES","CAP_2021",13,173,79.5,1086.5,2249,1033.5,14124.5
"JALISCO-DTO-4","ENTREGA_CPV","CAP_2021",13,396,327.5,728.5,5148,4257.5,9470.5
"JALISCO-DTO-4","TOTAL_SOLICITUDES","CAP_2021",13,681,349,992.5,8853,4537,12902.5
"JALISCO-DTO-5","ENTREGA_CPV","CAP_2021",13,308,143.5,462.5,4004,1865.5,6012.5
"JALISCO-DTO-5","TOTAL_SOLICITUDES","CAP_2021",13,405,271.5,1177.5,5265,3529.5,15307.5
"JALISCO-DTO-6","ENTREGA_CPV","CAP_2021",13,458,379.5,740,5954,4933.5,9620
"JALISCO-DTO-6","TOTAL_SOLICITUDES","CAP_2021",13,649,414.5,1159,8437,5388.5,15067
"JALISCO-DTO-7","ENTREGA_CPV","CAP_2021",13,217,143,420,2821,1859,5460
"JALISCO-DTO-7","TOTAL_SOLICITUDES","CAP_2021",13,433,218,540.5,5629,2834,7026.5
"JALISCO-DTO-8","ENTREGA_CPV","CAP_2021",13,1097,844,1381,14261,10972,17953
"JALISCO-DTO-8","TOTAL_SOLICITUDES","CAP_2021",13,1099,1059.5,2353,14287,13773.5,30589
"JALISCO-DTO-9","ENTREGA_CPV","CAP_2021",13,315,112.5,410,4095,1462.5,5330
"JALISCO-DTO-9","TOTAL_SOLICITUDES","CAP_2021",13,384,227,582.5,4992,2951,7572.5
"MEXICO-DTO-1","ENTREGA_CPV","CAP_2021",13,127,75,199,1651,975,2587
"MEXICO-DTO-1","TOTAL_SOLICITUDES","CAP_2021",13,150,131.5,731.5,1950,1709.5,9509.5
"MEXICO-DTO-10","ENTREGA_CPV","CAP_2021",13,423,265,500,5499,3445,6500
"MEXICO-DTO-10","TOTAL_SOLICITUDES","CAP_2021",13,380,360.5,886,4940,4686.5,11518
"MEXICO-DTO-11","ENTREGA_CPV","CAP_2021",13,530,369.5,701,6890,4803.5,9113
"MEXICO-DTO-11","TOTAL_SOLICITUDES","CAP_2021",13,602,464.5,1141,7826,6038.5,14833
"MEXICO-DTO-12","ENTREGA_CPV","CAP_2021",13,764,358,833,9932,4654,10829
"MEXICO-DTO-12","TOTAL_SOLICITUDES","CAP_2021",13,640,398.5,1557,8320,5180.5,20241
"MEXICO-DTO-13","ENTREGA_CPV","CAP_2021",13,437,247.5,580.5,5681,3217.5,7546.5
"MEXICO-DTO-13","TOTAL_SOLICITUDES","CAP_2021",13,471,333.5,644.5,6123,4335.5,8378.5
"MEXICO-DTO-14","ENTREGA_CPV","CAP_2021",13,315,254.5,382,4095,3308.5,4966
"MEXICO-DTO-14","TOTAL_SOLICITUDES","CAP_2021",13,324,290.5,492,4212,3776.5,6396
"MEXICO-DTO-15","ENTREGA_CPV","CAP_2021",13,558,386,684.5,7254,5018,8898.5
"MEXICO-DTO-15","TOTAL_SOLICITUDES","CAP_2021",13,548,503,1169.5,7124,6539,15203.5
"MEXICO-DTO-16","ENTREGA_CPV","CAP_2021",13,677,386.5,807,8801,5024.5,10491
"MEXICO-DTO-16","TOTAL_SOLICITUDES","CAP_2021",13,621,498,1576,8073,6474,20488
"MEXICO-DTO-17","ENTREGA_CPV","CAP_2021",13,494,315,523,6422,4095,6799
"MEXICO-DTO-17","TOTAL_SOLICITUDES","CAP_2021",13,508,369.5,784.5,6604,4803.5,10198.5
"MEXICO-DTO-18","ENTREGA_CPV","CAP_2021",13,556,333,691,7228,4329,8983
"MEXICO-DTO-18","TOTAL_SOLICITUDES","CAP_2021",13,509,355.5,1186.5,6617,4621.5,15424.5
"MEXICO-DTO-19","ENTREGA_CPV","CAP_2021",13,940,571,1209,12220,7423,15717
"MEXICO-DTO-19","TOTAL_SOLICITUDES","CAP_2021",13,956,796,1774.5,12428,10348,23068.5
"MEXICO-DTO-2","ENTREGA_CPV","CAP_2021",13,586,360,642.5,7618,4680,8352.5
"MEXICO-DTO-2","TOTAL_SOLICITUDES","CAP_2021",13,549,398,1016,7137,5174,13208
"MEXICO-DTO-20","ENTREGA_CPV","CAP_2021",13,348,202.5,503,4524,2632.5,6539
"MEXICO-DTO-20","TOTAL_SOLICITUDES","CAP_2021",13,477,353,706,6201,4589,9178
"MEXICO-DTO-21","ENTREGA_CPV","CAP_2021",13,168,134.5,213.5,2184,1748.5,2775.5
"MEXICO-DTO-21","TOTAL_SOLICITUDES","CAP_2021",13,185,164.5,494.5,2405,2138.5,6428.5
"MEXICO-DTO-22","ENTREGA_CPV","CAP_2021",13,1098,674.5,1180,14274,8768.5,15340
"MEXICO-DTO-22","TOTAL_SOLICITUDES","CAP_2021",13,1050,840,1971,13650,10920,25623
"MEXICO-DTO-23","ENTREGA_CPV","CAP_2021",13,356,229,428.5,4628,2977,5570.5
"MEXICO-DTO-23","TOTAL_SOLICITUDES","CAP_2021",13,371,313.5,930.5,4823,4075.5,12096.5
"MEXICO-DTO-24","ENTREGA_CPV","CAP_2021",13,381,262,496.5,4953,3406,6454.5
"MEXICO-DTO-24","TOTAL_SOLICITUDES","CAP_2021",13,343,330,958.5,4459,4290,12460.5
"MEXICO-DTO-25","ENTREGA_CPV","CAP_2021",13,542,350,701.5,7046,4550,9119.5
"MEXICO-DTO-25","TOTAL_SOLICITUDES","CAP_2021",13,516,398.5,1112.5,6708,5180.5,14462.5
"MEXICO-DTO-26","ENTREGA_CPV","CAP_2021",13,403,252.5,479,5239,3282.5,6227
"MEXICO-DTO-26","TOTAL_SOLICITUDES","CAP_2021",13,394,368,700.5,5122,4784,9106.5
"MEXICO-DTO-27","ENTREGA_CPV","CAP_2021",13,662,355.5,801.5,8606,4621.5,10419.5
"MEXICO-DTO-27","TOTAL_SOLICITUDES","CAP_2021",13,655,432,1319,8515,5616,17147
"MEXICO-DTO-28","ENTREGA_CPV","CAP_2021",13,434,403,760.5,5642,5239,9886.5
"MEXICO-DTO-28","TOTAL_SOLICITUDES","CAP_2021",13,882,452.5,1450,11466,5882.5,18850
"MEXICO-DTO-29","ENTREGA_CPV","CAP_2021",13,667,375.5,875.5,8671,4881.5,11381.5
"MEXICO-DTO-29","TOTAL_SOLICITUDES","CAP_2021",13,662,583.5,1481.5,8606,7585.5,19259.5
"MEXICO-DTO-3","ENTREGA_CPV","CAP_2021",13,497,252,558,6461,3276,7254
"MEXICO-DTO-3","TOTAL_SOLICITUDES","CAP_2021",13,487,322.5,1250,6331,4192.5,16250
"MEXICO-DTO-30","ENTREGA_CPV","CAP_2021",13,565,150.5,650,7345,1956.5,8450
"MEXICO-DTO-30","TOTAL_SOLICITUDES","CAP_2021",13,434,401,1179,5642,5213,15327
"MEXICO-DTO-31","ENTREGA_CPV","CAP_2021",13,582,373.5,738,7566,4855.5,9594
"MEXICO-DTO-31","TOTAL_SOLICITUDES","CAP_2021",13,616,465.5,878.5,8008,6051.5,11420.5
"MEXICO-DTO-32","ENTREGA_CPV","CAP_2021",13,447,341,561.5,5811,4433,7299.5
"MEXICO-DTO-32","TOTAL_SOLICITUDES","CAP_2021",13,547,436,1015,7111,5668,13195
"MEXICO-DTO-33","ENTREGA_CPV","CAP_2021",13,554,64.5,576,7202,838.5,7488
"MEXICO-DTO-33","TOTAL_SOLICITUDES","CAP_2021",13,496,345.5,1005,6448,4491.5,13065
"MEXICO-DTO-34","ENTREGA_CPV","CAP_2021",13,560,359.5,698.5,7280,4673.5,9080.5
"MEXICO-DTO-34","TOTAL_SOLICITUDES","CAP_2021",13,564,553,933,7332,7189,12129
"MEXICO-DTO-35","ENTREGA_CPV","CAP_2021",13,452,285,529.5,5876,3705,6883.5
"MEXICO-DTO-35","TOTAL_SOLICITUDES","CAP_2021",13,441,348,1018,5733,4524,13234
"MEXICO-DTO-36","ENTREGA_CPV","CAP_2021",13,297,199.5,346.5,3861,2593.5,4504.5
"MEXICO-DTO-36","TOTAL_SOLICITUDES","CAP_2021",13,330,271,737.5,4290,3523,9587.5
"MEXICO-DTO-37","ENTREGA_CPV","CAP_2021",13,578,402.5,764,7514,5232.5,9932
"MEXICO-DTO-37","TOTAL_SOLICITUDES","CAP_2021",13,515,500,1187,6695,6500,15431
"MEXICO-DTO-38","ENTREGA_CPV","CAP_2021",13,470,349,636,6110,4537,8268
"MEXICO-DTO-38","TOTAL_SOLICITUDES","CAP_2021",13,424,408,1066,5512,5304,13858
"MEXICO-DTO-39","ENTREGA_CPV","CAP_2021",13,284,140,496,3692,1820,6448
"MEXICO-DTO-39","TOTAL_SOLICITUDES","CAP_2021",13,292,227.5,1051.5,3796,2957.5,13669.5
"MEXICO-DTO-4","ENTREGA_CPV","CAP_2021",13,638,338,702,8294,4394,9126
"MEXICO-DTO-4","TOTAL_SOLICITUDES","CAP_2021",13,515,417,1122,6695,5421,14586
"MEXICO-DTO-40","ENTREGA_CPV","CAP_2021",13,478,272,534,6214,3536,6942
"MEXICO-DTO-40","TOTAL_SOLICITUDES","CAP_2021",13,430,323,1187,5590,4199,15431
"MEXICO-DTO-41","ENTREGA_CPV","CAP_2021",13,716,473.5,892,9308,6155.5,11596
"MEXICO-DTO-41","TOTAL_SOLICITUDES","CAP_2021",13,743,690,1532.5,9659,8970,19922.5
"MEXICO-DTO-5","ENTREGA_CPV","CAP_2021",13,466,172.5,493.5,6058,2242.5,6415.5
"MEXICO-DTO-5","TOTAL_SOLICITUDES","CAP_2021",13,364,265,859.5,4732,3445,11173.5
"MEXICO-DTO-6","ENTREGA_CPV","CAP_2021",13,653,325,741.5,8489,4225,9639.5
"MEXICO-DTO-6","TOTAL_SOLICITUDES","CAP_2021",13,579,385,1200.5,7527,5005,15606.5
"MEXICO-DTO-7","ENTREGA_CPV","CAP_2021",13,711,423.5,798.5,9243,5505.5,10380.5
"MEXICO-DTO-7","TOTAL_SOLICITUDES","CAP_2021",13,680,607,1124,8840,7891,14612
"MEXICO-DTO-8","ENTREGA_CPV","CAP_2021",13,273,129.5,397,3549,1683.5,5161
"MEXICO-DTO-8","TOTAL_SOLICITUDES","CAP_2021",13,315,251.5,562,4095,3269.5,7306
"MEXICO-DTO-9","ENTREGA_CPV","CAP_2021",13,164,124.5,265,2132,1618.5,3445
"MEXICO-DTO-9","TOTAL_SOLICITUDES","CAP_2021",13,263,153,723.5,3419,1989,9405.5
"MICHOACAN-DTO-1","ENTREGA_CPV","CAP_2021",13,168,131.5,279.5,2184,1709.5,3633.5
"MICHOACAN-DTO-1","TOTAL_SOLICITUDES","CAP_2021",13,329,132.5,760.5,4277,1722.5,9886.5
"MICHOACAN-DTO-10","ENTREGA_CPV","CAP_2021",13,330,235,475.5,4290,3055,6181.5
"MICHOACAN-DTO-10","TOTAL_SOLICITUDES","CAP_2021",13,351,263,941.5,4563,3419,12239.5
"MICHOACAN-DTO-11","ENTREGA_CPV","CAP_2021",13,146,83.5,291,1898,1085.5,3783
"MICHOACAN-DTO-11","TOTAL_SOLICITUDES","CAP_2021",13,156,122.5,852,2028,1592.5,11076
"MICHOACAN-DTO-12","ENTREGA_CPV","CAP_2021",13,171,156.5,265,2223,2034.5,3445
"MICHOACAN-DTO-12","TOTAL_SOLICITUDES","CAP_2021",13,342,144,784.5,4446,1872,10198.5
"MICHOACAN-DTO-2","ENTREGA_CPV","CAP_2021",13,86,58,178.5,1118,754,2320.5
"MICHOACAN-DTO-2","TOTAL_SOLICITUDES","CAP_2021",13,221,68.5,710.5,2873,890.5,9236.5
"MICHOACAN-DTO-3","ENTREGA_CPV","CAP_2021",13,175,134,258.5,2275,1742,3360.5
"MICHOACAN-DTO-3","TOTAL_SOLICITUDES","CAP_2021",13,276,142,750.5,3588,1846,9756.5
"MICHOACAN-DTO-4","ENTREGA_CPV","CAP_2021",13,149,141.5,347.5,1937,1839.5,4517.5
"MICHOACAN-DTO-4","TOTAL_SOLICITUDES","CAP_2021",13,234,158.5,999,3042,2060.5,12987
"MICHOACAN-DTO-5","ENTREGA_CPV","CAP_2021",13,176,119,415,2288,1547,5395
"MICHOACAN-DTO-5","TOTAL_SOLICITUDES","CAP_2021",13,214,177,1046.5,2782,2301,13604.5
"MICHOACAN-DTO-6","ENTREGA_CPV","CAP_2021",13,141,104.5,341.5,1833,1358.5,4439.5
"MICHOACAN-DTO-6","TOTAL_SOLICITUDES","CAP_2021",13,205,132.5,802,2665,1722.5,10426
"MICHOACAN-DTO-7","ENTREGA_CPV","CAP_2021",13,206,149,364.5,2678,1937,4738.5
"MICHOACAN-DTO-7","TOTAL_SOLICITUDES","CAP_2021",13,261,156,905,3393,2028,11765
"MICHOACAN-DTO-8","ENTREGA_CPV","CAP_2021",13,661,591,1015,8593,7683,13195
"MICHOACAN-DTO-8","TOTAL_SOLICITUDES","CAP_2021",13,1076,607,1676,13988,7891,21788
"MICHOACAN-DTO-9","ENTREGA_CPV","CAP_2021",13,270,191.5,532.5,3510,2489.5,6922.5
"MICHOACAN-DTO-9","TOTAL_SOLICITUDES","CAP_2021",13,366,236,1073,4758,3068,13949
"MORELOS-DTO-1","ENTREGA_CPV","CAP_2021",13,576,408,801,7488,5304,10413
"MORELOS-DTO-1","TOTAL_SOLICITUDES","CAP_2021",13,580,483.5,1082.5,7540,6285.5,14072.5
"MORELOS-DTO-2","ENTREGA_CPV","CAP_2021",13,400,311,504.5,5200,4043,6558.5
"MORELOS-DTO-2","TOTAL_SOLICITUDES","CAP_2021",13,569,378,891,7397,4914,11583
"MORELOS-DTO-3","ENTREGA_CPV","CAP_2021",13,492,300.5,738.5,6396,3906.5,9600.5
"MORELOS-DTO-3","TOTAL_SOLICITUDES","CAP_2021",13,529,477.5,1044,6877,6207.5,13572
"MORELOS-DTO-4","ENTREGA_CPV","CAP_2021",13,497,431.5,697,6461,5609.5,9061
"MORELOS-DTO-4","TOTAL_SOLICITUDES","CAP_2021",13,684,481,1177,8892,6253,15301
"MORELOS-DTO-5","ENTREGA_CPV","CAP_2021",13,172,140,191.5,2236,1820,2489.5
"MORELOS-DTO-5","TOTAL_SOLICITUDES","CAP_2021",13,205,145,433.5,2665,1885,5635.5
"NAYARIT-DTO-1","ENTREGA_CPV","CAP_2021",13,106,89.5,195.5,1378,1163.5,2541.5
"NAYARIT-DTO-1","TOTAL_SOLICITUDES","CAP_2021",13,248,63,597,3224,819,7761
"NAYARIT-DTO-2","ENTREGA_CPV","CAP_2021",13,470,329.5,796,6110,4283.5,10348
"NAYARIT-DTO-2","TOTAL_SOLICITUDES","CAP_2021",13,1132,371.5,1240,14716,4829.5,16120
"NAYARIT-DTO-3","ENTREGA_CPV","CAP_2021",13,193,159.5,353.5,2509,2073.5,4595.5
"NAYARIT-DTO-3","TOTAL_SOLICITUDES","CAP_2021",13,422,134,834.5,5486,1742,10848.5
"NUEVO LEON-DTO-1","ENTREGA_CPV","CAP_2021",13,664,321.5,803,8632,4179.5,10439
"NUEVO LEON-DTO-1","TOTAL_SOLICITUDES","CAP_2021",13,559,468,1220.5,7267,6084,15866.5
"NUEVO LEON-DTO-10","ENTREGA_CPV","CAP_2021",13,456,271.5,534,5928,3529.5,6942
"NUEVO LEON-DTO-10","TOTAL_SOLICITUDES","CAP_2021",13,399,359.5,841.5,5187,4673.5,10939.5
"NUEVO LEON-DTO-11","ENTREGA_CPV","CAP_2021",13,845,634.5,1364.5,10985,8248.5,17738.5
"NUEVO LEON-DTO-11","TOTAL_SOLICITUDES","CAP_2021",13,1004,798,2413.5,13052,10374,31375.5
"NUEVO LEON-DTO-12","ENTREGA_CPV","CAP_2021",13,133,94.5,278.5,1729,1228.5,3620.5
"NUEVO LEON-DTO-12","TOTAL_SOLICITUDES","CAP_2021",13,149,130,1185,1937,1690,15405
"NUEVO LEON-DTO-2","ENTREGA_CPV","CAP_2021",13,548,472,1105,7124,6136,14365
"NUEVO LEON-DTO-2","TOTAL_SOLICITUDES","CAP_2021",13,937,501.5,1572,12181,6519.5,20436
"NUEVO LEON-DTO-3","ENTREGA_CPV","CAP_2021",13,518,304.5,852,6734,3958.5,11076
"NUEVO LEON-DTO-3","TOTAL_SOLICITUDES","CAP_2021",13,750,522.5,1537.5,9750,6792.5,19987.5
"NUEVO LEON-DTO-4","ENTREGA_CPV","CAP_2021",13,288,208,458.5,3744,2704,5960.5
"NUEVO LEON-DTO-4","TOTAL_SOLICITUDES","CAP_2021",13,333,258.5,709.5,4329,3360.5,9223.5
"NUEVO LEON-DTO-5","ENTREGA_CPV","CAP_2021",13,636,429,1053,8268,5577,13689
"NUEVO LEON-DTO-5","TOTAL_SOLICITUDES","CAP_2021",13,562,454,1765,7306,5902,22945
"NUEVO LEON-DTO-6","ENTREGA_CPV","CAP_2021",13,308,207,521,4004,2691,6773
"NUEVO LEON-DTO-6","TOTAL_SOLICITUDES","CAP_2021",13,394,296,736.5,5122,3848,9574.5
"NUEVO LEON-DTO-7","ENTREGA_CPV","CAP_2021",13,161,144,363,2093,1872,4719
"NUEVO LEON-DTO-7","TOTAL_SOLICITUDES","CAP_2021",13,397,123,908,5161,1599,11804
"NUEVO LEON-DTO-8","ENTREGA_CPV","CAP_2021",13,96,49.5,152,1248,643.5,1976
"NUEVO LEON-DTO-8","TOTAL_SOLICITUDES","CAP_2021",13,109,86.5,307.5,1417,1124.5,3997.5
"NUEVO LEON-DTO-9","ENTREGA_CPV","CAP_2021",13,80,76.5,149,1040,994.5,1937
"NUEVO LEON-DTO-9","TOTAL_SOLICITUDES","CAP_2021",13,178,73,475.5,2314,949,6181.5
"OAXACA-DTO-1","ENTREGA_CPV","CAP_2021",13,200,178,317.5,2600,2314,4127.5
"OAXACA-DTO-1","TOTAL_SOLICITUDES","CAP_2021",13,366,189.5,801,4758,2463.5,10413
"OAXACA-DTO-10","ENTREGA_CPV","CAP_2021",13,68,64,198,884,832,2574
"OAXACA-DTO-10","TOTAL_SOLICITUDES","CAP_2021",13,174,69,787,2262,897,10231
"OAXACA-DTO-2","ENTREGA_CPV","CAP_2021",13,42,19,64.5,546,247,838.5
"OAXACA-DTO-2","TOTAL_SOLICITUDES","CAP_2021",13,48,39.5,420.5,624,513.5,5466.5
"OAXACA-DTO-3","ENTREGA_CPV","CAP_2021",13,126,98,228,1638,1274,2964
"OAXACA-DTO-3","TOTAL_SOLICITUDES","CAP_2021",13,269,123.5,547.5,3497,1605.5,7117.5
"OAXACA-DTO-4","ENTREGA_CPV","CAP_2021",13,96,72,165.5,1248,936,2151.5
"OAXACA-DTO-4","TOTAL_SOLICITUDES","CAP_2021",13,130,67.5,870,1690,877.5,11310
"OAXACA-DTO-5","ENTREGA_CPV","CAP_2021",13,156,138,236.5,2028,1794,3074.5
"OAXACA-DTO-5","TOTAL_SOLICITUDES","CAP_2021",13,194,159.5,653.5,2522,2073.5,8495.5
"OAXACA-DTO-6","ENTREGA_CPV","CAP_2021",13,61,45.5,127,793,591.5,1651
"OAXACA-DTO-6","TOTAL_SOLICITUDES","CAP_2021",13,142,65.5,631,1846,851.5,8203
"OAXACA-DTO-7","ENTREGA_CPV","CAP_2021",13,183,140,306.5,2379,1820,3984.5
"OAXACA-DTO-7","TOTAL_SOLICITUDES","CAP_2021",13,234,171.5,728,3042,2229.5,9464
"OAXACA-DTO-8","ENTREGA_CPV","CAP_2021",13,1155,839.5,1720.5,15015,10913.5,22366.5
"OAXACA-DTO-8","TOTAL_SOLICITUDES","CAP_2021",13,1561,1018,2305,20293,13234,29965
"OAXACA-DTO-9","ENTREGA_CPV","CAP_2021",13,308,137.5,396,4004,1787.5,5148
"OAXACA-DTO-9","TOTAL_SOLICITUDES","CAP_2021",13,264,212.5,916.5,3432,2762.5,11914.5
"PUEBLA-DTO-1","ENTREGA_CPV","CAP_2021",13,275,163,382,3575,2119,4966
"PUEBLA-DTO-1","TOTAL_SOLICITUDES","CAP_2021",13,304,259.5,765.5,3952,3373.5,9951.5
"PUEBLA-DTO-10","ENTREGA_CPV","CAP_2021",13,551,350.5,635,7163,4556.5,8255
"PUEBLA-DTO-10","TOTAL_SOLICITUDES","CAP_2021",13,555,458,1103.5,7215,5954,14345.5
"PUEBLA-DTO-11","ENTREGA_CPV","CAP_2021",13,167,111,186,2171,1443,2418
"PUEBLA-DTO-11","TOTAL_SOLICITUDES","CAP_2021",13,182,137.5,333,2366,1787.5,4329
"PUEBLA-DTO-12","ENTREGA_CPV","CAP_2021",13,1174,831,1610.5,15262,10803,20936.5
"PUEBLA-DTO-12","TOTAL_SOLICITUDES","CAP_2021",13,1292,1161.5,2392,16796,15099.5,31096
"PUEBLA-DTO-13","ENTREGA_CPV","CAP_2021",13,359,222,579,4667,2886,7527
"PUEBLA-DTO-13","TOTAL_SOLICITUDES","CAP_2021",13,612,269,1112.5,7956,3497,14462.5
"PUEBLA-DTO-14","ENTREGA_CPV","CAP_2021",13,171,129.5,277.5,2223,1683.5,3607.5
"PUEBLA-DTO-14","TOTAL_SOLICITUDES","CAP_2021",13,223,168,636,2899,2184,8268
"PUEBLA-DTO-15","ENTREGA_CPV","CAP_2021",13,467,267.5,551,6071,3477.5,7163
"PUEBLA-DTO-15","TOTAL_SOLICITUDES","CAP_2021",13,462,358,1129.5,6006,4654,14683.5
"PUEBLA-DTO-2","ENTREGA_CPV","CAP_2021",13,121,58,160,1573,754,2080
"PUEBLA-DTO-2","TOTAL_SOLICITUDES","CAP_2021",13,106,55,582,1378,715,7566
"PUEBLA-DTO-3","ENTREGA_CPV","CAP_2021",13,339,159,444,4407,2067,5772
"PUEBLA-DTO-3","TOTAL_SOLICITUDES","CAP_2021",13,343,311,882.5,4459,4043,11472.5
"PUEBLA-DTO-4","ENTREGA_CPV","CAP_2021",13,86,56,136.5,1118,728,1774.5
"PUEBLA-DTO-4","TOTAL_SOLICITUDES","CAP_2021",13,106,75,454,1378,975,5902
"PUEBLA-DTO-5","ENTREGA_CPV","CAP_2021",13,259,211,529.5,3367,2743,6883.5
"PUEBLA-DTO-5","TOTAL_SOLICITUDES","CAP_2021",13,379,282.5,1051,4927,3672.5,13663
"PUEBLA-DTO-6","ENTREGA_CPV","CAP_2021",13,578,271.5,949,7514,3529.5,12337
"PUEBLA-DTO-6","TOTAL_SOLICITUDES","CAP_2021",13,772,556.5,1357.5,10036,7234.5,17647.5
"PUEBLA-DTO-7","ENTREGA_CPV","CAP_2021",13,353,241,505,4589,3133,6565
"PUEBLA-DTO-7","TOTAL_SOLICITUDES","CAP_2021",13,321,305,1001,4173,3965,13013
"PUEBLA-DTO-8","ENTREGA_CPV","CAP_2021",13,138,99.5,192.5,1794,1293.5,2502.5
"PUEBLA-DTO-8","TOTAL_SOLICITUDES","CAP_2021",13,170,113.5,855,2210,1475.5,11115
"PUEBLA-DTO-9","ENTREGA_CPV","CAP_2021",13,560,453,886,7280,5889,11518
"PUEBLA-DTO-9","TOTAL_SOLICITUDES","CAP_2021",13,875,547,1387,11375,7111,18031
"QUERETARO-DTO-1","ENTREGA_CPV","CAP_2021",13,63,56.5,190,819,734.5,2470
"QUERETARO-DTO-1","TOTAL_SOLICITUDES","CAP_2021",13,268,55.5,671.5,3484,721.5,8729.5
"QUERETARO-DTO-2","ENTREGA_CPV","CAP_2021",13,368,294,454,4784,3822,5902
"QUERETARO-DTO-2","TOTAL_SOLICITUDES","CAP_2021",13,503,316,829.5,6539,4108,10783.5
"QUERETARO-DTO-3","ENTREGA_CPV","CAP_2021",13,737,681,1151,9581,8853,14963
"QUERETARO-DTO-3","TOTAL_SOLICITUDES","CAP_2021",13,1368,688,1910,17784,8944,24830
"QUERETARO-DTO-4","ENTREGA_CPV","CAP_2021",13,770,673,1117.5,10010,8749,14527.5
"QUERETARO-DTO-4","TOTAL_SOLICITUDES","CAP_2021",13,1219,681,1530.5,15847,8853,19896.5
"QUERETARO-DTO-5","ENTREGA_CPV","CAP_2021",13,229,186.5,403,2977,2424.5,5239
"QUERETARO-DTO-5","TOTAL_SOLICITUDES","CAP_2021",13,473,217.5,952,6149,2827.5,12376
"QUINTANA ROO-DTO-1","ENTREGA_CPV","CAP_2021",13,537,473.5,800,6981,6155.5,10400
"QUINTANA ROO-DTO-1","TOTAL_SOLICITUDES","CAP_2021",13,902,433,1848,11726,5629,24024
"QUINTANA ROO-DTO-2","ENTREGA_CPV","CAP_2021",13,273,197.5,360,3549,2567.5,4680
"QUINTANA ROO-DTO-2","TOTAL_SOLICITUDES","CAP_2021",13,336,252,1025,4368,3276,13325
"QUINTANA ROO-DTO-3","ENTREGA_CPV","CAP_2021",13,517,235.5,1003.5,6721,3061.5,13045.5
"QUINTANA ROO-DTO-3","TOTAL_SOLICITUDES","CAP_2021",13,846,480.5,1458,10998,6246.5,18954
"QUINTANA ROO-DTO-4","ENTREGA_CPV","CAP_2021",13,444,372,702.5,5772,4836,9132.5
"QUINTANA ROO-DTO-4","TOTAL_SOLICITUDES","CAP_2021",13,874,480,930,11362,6240,12090
"SAN LUIS POTOSI-DTO-1","ENTREGA_CPV","CAP_2021",13,112,100.5,205,1456,1306.5,2665
"SAN LUIS POTOSI-DTO-1","TOTAL_SOLICITUDES","CAP_2021",13,217,103,444,2821,1339,5772
"SAN LUIS POTOSI-DTO-2","ENTREGA_CPV","CAP_2021",13,215,180.5,307.5,2795,2346.5,3997.5
"SAN LUIS POTOSI-DTO-2","TOTAL_SOLICITUDES","CAP_2021",13,394,187,565,5122,2431,7345
"SAN LUIS POTOSI-DTO-3","ENTREGA_CPV","CAP_2021",13,134,69,249,1742,897,3237
"SAN LUIS POTOSI-DTO-3","TOTAL_SOLICITUDES","CAP_2021",13,288,108.5,661.5,3744,1410.5,8599.5
"SAN LUIS POTOSI-DTO-4","ENTREGA_CPV","CAP_2021",13,174,151,289.5,2262,1963,3763.5
"SAN LUIS POTOSI-DTO-4","TOTAL_SOLICITUDES","CAP_2021",13,313,183,749.5,4069,2379,9743.5
"SAN LUIS POTOSI-DTO-5","ENTREGA_CPV","CAP_2021",13,541,445,809.5,7033,5785,10523.5
"SAN LUIS POTOSI-DTO-5","TOTAL_SOLICITUDES","CAP_2021",13,1035,528.5,1340.5,13455,6870.5,17426.5
"SAN LUIS POTOSI-DTO-6","ENTREGA_CPV","CAP_2021",13,715,460,1394.5,9295,5980,18128.5
"SAN LUIS POTOSI-DTO-6","TOTAL_SOLICITUDES","CAP_2021",13,1006,748.5,1760.5,13078,9730.5,22886.5
"SAN LUIS POTOSI-DTO-7","ENTREGA_CPV","CAP_2021",13,143,59,152,1859,767,1976
"SAN LUIS POTOSI-DTO-7","TOTAL_SOLICITUDES","CAP_2021",13,113,85.5,453,1469,1111.5,5889
"SINALOA-DTO-1","ENTREGA_CPV","CAP_2021",13,245,210.5,381,3185,2736.5,4953
"SINALOA-DTO-1","TOTAL_SOLICITUDES","CAP_2021",13,479,187,805.5,6227,2431,10471.5
"SINALOA-DTO-2","ENTREGA_CPV","CAP_2021",13,420,385,746,5460,5005,9698
"SINALOA-DTO-2","TOTAL_SOLICITUDES","CAP_2021",13,911,352.5,1250.5,11843,4582.5,16256.5
"SINALOA-DTO-3","ENTREGA_CPV","CAP_2021",13,225,185,527,2925,2405,6851
"SINALOA-DTO-3","TOTAL_SOLICITUDES","CAP_2021",13,470,174.5,1138,6110,2268.5,14794
"SINALOA-DTO-4","ENTREGA_CPV","CAP_2021",13,157,146,265,2041,1898,3445
"SINALOA-DTO-4","TOTAL_SOLICITUDES","CAP_2021",13,299,119.5,796.5,3887,1553.5,10354.5
"SINALOA-DTO-5","ENTREGA_CPV","CAP_2021",13,571,454.5,717.5,7423,5908.5,9327.5
"SINALOA-DTO-5","TOTAL_SOLICITUDES","CAP_2021",13,976,454,1293.5,12688,5902,16815.5
"SINALOA-DTO-6","ENTREGA_CPV","CAP_2021",13,339,283.5,544,4407,3685.5,7072
"SINALOA-DTO-6","TOTAL_SOLICITUDES","CAP_2021",13,521,292.5,1196.5,6773,3802.5,15554.5
"SINALOA-DTO-7","ENTREGA_CPV","CAP_2021",13,496,349.5,623.5,6448,4543.5,8105.5
"SINALOA-DTO-7","TOTAL_SOLICITUDES","CAP_2021",13,418,399,1231.5,5434,5187,16009.5
"SONORA-DTO-1","ENTREGA_CPV","CAP_2021",13,270,160.5,399.5,3510,2086.5,5193.5
"SONORA-DTO-1","TOTAL_SOLICITUDES","CAP_2021",13,227,156,1081.5,2951,2028,14059.5
"SONORA-DTO-2","ENTREGA_CPV","CAP_2021",13,433,220,611,5629,2860,7943
"SONORA-DTO-2","TOTAL_SOLICITUDES","CAP_2021",13,353,287,1443,4589,3731,18759
"SONORA-DTO-3","ENTREGA_CPV","CAP_2021",13,719,653,1193.5,9347,8489,15515.5
"SONORA-DTO-3","TOTAL_SOLICITUDES","CAP_2021",13,1103,694,1649.5,14339,9022,21443.5
"SONORA-DTO-4","ENTREGA_CPV","CAP_2021",13,177,103,268,2301,1339,3484
"SONORA-DTO-4","TOTAL_SOLICITUDES","CAP_2021",13,173,106.5,630.5,2249,1384.5,8196.5
"SONORA-DTO-5","ENTREGA_CPV","CAP_2021",13,163,115.5,198.5,2119,1501.5,2580.5
"SONORA-DTO-5","TOTAL_SOLICITUDES","CAP_2021",13,281,163.5,467,3653,2125.5,6071
"SONORA-DTO-6","ENTREGA_CPV","CAP_2021",13,488,407,745,6344,5291,9685
"SONORA-DTO-6","TOTAL_SOLICITUDES","CAP_2021",13,926,420,1168.5,12038,5460,15190.5
"SONORA-DTO-7","ENTREGA_CPV","CAP_2021",13,311,201,384,4043,2613,4992
"SONORA-DTO-7","TOTAL_SOLICITUDES","CAP_2021",13,368,251,639.5,4784,3263,8313.5
"TABASCO-DTO-1","ENTREGA_CPV","CAP_2021",13,340,186.5,390,4420,2424.5,5070
"TABASCO-DTO-1","TOTAL_SOLICITUDES","CAP_2021",13,281,259.5,561.5,3653,3373.5,7299.5
"TABASCO-DTO-2","ENTREGA_CPV","CAP_2021",13,426,227.5,480.5,5538,2957.5,6246.5
"TABASCO-DTO-2","TOTAL_SOLICITUDES","CAP_2021",13,410,297.5,964.5,5330,3867.5,12538.5
"TABASCO-DTO-3","ENTREGA_CPV","CAP_2021",13,396,256.5,512.5,5148,3334.5,6662.5
"TABASCO-DTO-3","TOTAL_SOLICITUDES","CAP_2021",13,472,351,649.5,6136,4563,8443.5
"TABASCO-DTO-4","ENTREGA_CPV","CAP_2021",13,781,505.5,862.5,10153,6571.5,11212.5
"TABASCO-DTO-4","TOTAL_SOLICITUDES","CAP_2021",13,774,621.5,1112,10062,8079.5,14456
"TABASCO-DTO-5","ENTREGA_CPV","CAP_2021",13,127,85,142.5,1651,1105,1852.5
"TABASCO-DTO-5","TOTAL_SOLICITUDES","CAP_2021",13,121,92.5,305.5,1573,1202.5,3971.5
"TABASCO-DTO-6","ENTREGA_CPV","CAP_2021",13,444,290,513.5,5772,3770,6675.5
"TABASCO-DTO-6","TOTAL_SOLICITUDES","CAP_2021",13,440,397,825,5720,5161,10725
"TAMAULIPAS-DTO-1","ENTREGA_CPV","CAP_2021",13,418,241,642.5,5434,3133,8352.5
"TAMAULIPAS-DTO-1","TOTAL_SOLICITUDES","CAP_2021",13,498,370,1256,6474,4810,16328
"TAMAULIPAS-DTO-2","ENTREGA_CPV","CAP_2021",13,376,311,685,4888,4043,8905
"TAMAULIPAS-DTO-2","TOTAL_SOLICITUDES","CAP_2021",13,949,276.5,1382,12337,3594.5,17966
"TAMAULIPAS-DTO-3","ENTREGA_CPV","CAP_2021",13,94,42.5,100.5,1222,552.5,1306.5
"TAMAULIPAS-DTO-3","TOTAL_SOLICITUDES","CAP_2021",13,177,73,471.5,2301,949,6129.5
"TAMAULIPAS-DTO-4","ENTREGA_CPV","CAP_2021",13,368,242,790,4784,3146,10270
"TAMAULIPAS-DTO-4","TOTAL_SOLICITUDES","CAP_2021",13,774,332.5,1592,10062,4322.5,20696
"TAMAULIPAS-DTO-5","ENTREGA_CPV","CAP_2021",13,367,254,463,4771,3302,6019
"TAMAULIPAS-DTO-5","TOTAL_SOLICITUDES","CAP_2021",13,425,320,1010.5,5525,4160,13136.5
"TAMAULIPAS-DTO-6","ENTREGA_CPV","CAP_2021",13,115,89,184,1495,1157,2392
"TAMAULIPAS-DTO-6","TOTAL_SOLICITUDES","CAP_2021",13,196,123.5,451,2548,1605.5,5863
"TAMAULIPAS-DTO-7","ENTREGA_CPV","CAP_2021",13,494,474,707,6422,6162,9191
"TAMAULIPAS-DTO-7","TOTAL_SOLICITUDES","CAP_2021",13,853,412.5,1246,11089,5362.5,16198
"TAMAULIPAS-DTO-8","ENTREGA_CPV","CAP_2021",13,320,222.5,439,4160,2892.5,5707
"TAMAULIPAS-DTO-8","TOTAL_SOLICITUDES","CAP_2021",13,300,289.5,938.5,3900,3763.5,12200.5
"TAMAULIPAS-DTO-9","ENTREGA_CPV","CAP_2021",13,157,114,422,2041,1482,5486
"TAMAULIPAS-DTO-9","TOTAL_SOLICITUDES","CAP_2021",13,606,125.5,836,7878,1631.5,10868
"TLAXCALA-DTO-1","ENTREGA_CPV","CAP_2021",13,369,142,539.5,4797,1846,7013.5
"TLAXCALA-DTO-1","TOTAL_SOLICITUDES","CAP_2021",13,361,264,1278.5,4693,3432,16620.5
"TLAXCALA-DTO-2","ENTREGA_CPV","CAP_2021",13,597,419,738.5,7761,5447,9600.5
"TLAXCALA-DTO-2","TOTAL_SOLICITUDES","CAP_2021",13,667,533,1223.5,8671,6929,15905.5
"TLAXCALA-DTO-3","ENTREGA_CPV","CAP_2021",13,248,206,356.5,3224,2678,4634.5
"TLAXCALA-DTO-3","TOTAL_SOLICITUDES","CAP_2021",13,418,223.5,727,5434,2905.5,9451
"VERACRUZ-DTO-1","ENTREGA_CPV","CAP_2021",13,68,42.5,91.5,884,552.5,1189.5
"VERACRUZ-DTO-1","TOTAL_SOLICITUDES","CAP_2021",13,71,47,411.5,923,611,5349.5
"VERACRUZ-DTO-10","ENTREGA_CPV","CAP_2021",13,457,437.5,720.5,5941,5687.5,9366.5
"VERACRUZ-DTO-10","TOTAL_SOLICITUDES","CAP_2021",13,703,472.5,1105,9139,6142.5,14365
"VERACRUZ-DTO-11","ENTREGA_CPV","CAP_2021",13,386,278.5,482,5018,3620.5,6266
"VERACRUZ-DTO-11","TOTAL_SOLICITUDES","CAP_2021",13,355,318.5,1008.5,4615,4140.5,13110.5
"VERACRUZ-DTO-12","ENTREGA_CPV","CAP_2021",13,607,406,847.5,7891,5278,11017.5
"VERACRUZ-DTO-12","TOTAL_SOLICITUDES","CAP_2021",13,624,490.5,1481.5,8112,6376.5,19259.5
"VERACRUZ-DTO-13","ENTREGA_CPV","CAP_2021",13,167,149.5,263,2171,1943.5,3419
"VERACRUZ-DTO-13","TOTAL_SOLICITUDES","CAP_2021",13,303,119.5,822.5,3939,1553.5,10692.5
"VERACRUZ-DTO-14","ENTREGA_CPV","CAP_2021",13,184,155,290.5,2392,2015,3776.5
"VERACRUZ-DTO-14","TOTAL_SOLICITUDES","CAP_2021",13,268,150,733.5,3484,1950,9535.5
"VERACRUZ-DTO-15","ENTREGA_CPV","CAP_2021",13,383,273.5,564,4979,3555.5,7332
"VERACRUZ-DTO-15","TOTAL_SOLICITUDES","CAP_2021",13,448,352,1098,5824,4576,14274
"VERACRUZ-DTO-16","ENTREGA_CPV","CAP_2021",13,296,249,535,3848,3237,6955
"VERACRUZ-DTO-16","TOTAL_SOLICITUDES","CAP_2021",13,435,292,1038.5,5655,3796,13500.5
"VERACRUZ-DTO-17","ENTREGA_CPV","CAP_2021",13,168,118,242,2184,1534,3146
"VERACRUZ-DTO-17","TOTAL_SOLICITUDES","CAP_2021",13,249,138,835,3237,1794,10855
"VERACRUZ-DTO-18","ENTREGA_CPV","CAP_2021",13,41,27,87.5,533,351,1137.5
"VERACRUZ-DTO-18","TOTAL_SOLICITUDES","CAP_2021",13,71,40.5,495,923,526.5,6435
"VERACRUZ-DTO-19","ENTREGA_CPV","CAP_2021",13,164,124,271,2132,1612,3523
"VERACRUZ-DTO-19","TOTAL_SOLICITUDES","CAP_2021",13,262,158.5,713.5,3406,2060.5,9275.5
"VERACRUZ-DTO-2","ENTREGA_CPV","CAP_2021",13,75,11.5,120,975,149.5,1560
"VERACRUZ-DTO-2","TOTAL_SOLICITUDES","CAP_2021",13,85,36.5,487.5,1105,474.5,6337.5
"VERACRUZ-DTO-20","ENTREGA_CPV","CAP_2021",13,232,98.5,245,3016,1280.5,3185
"VERACRUZ-DTO-20","TOTAL_SOLICITUDES","CAP_2021",13,197,114,742,2561,1482,9646
"VERACRUZ-DTO-3","ENTREGA_CPV","CAP_2021",13,217,176.5,356.5,2821,2294.5,4634.5
"VERACRUZ-DTO-3","TOTAL_SOLICITUDES","CAP_2021",13,286,198,953,3718,2574,12389
"VERACRUZ-DTO-4","ENTREGA_CPV","CAP_2021",13,292,187.5,379,3796,2437.5,4927
"VERACRUZ-DTO-4","TOTAL_SOLICITUDES","CAP_2021",13,269,202.5,727,3497,2632.5,9451
"VERACRUZ-DTO-5","ENTREGA_CPV","CAP_2021",13,263,211,426.5,3419,2743,5544.5
"VERACRUZ-DTO-5","TOTAL_SOLICITUDES","CAP_2021",13,429,265,748,5577,3445,9724
"VERACRUZ-DTO-6","ENTREGA_CPV","CAP_2021",13,133,104,167.5,1729,1352,2177.5
"VERACRUZ-DTO-6","TOTAL_SOLICITUDES","CAP_2021",13,169,108.5,546.5,2197,1410.5,7104.5
"VERACRUZ-DTO-7","ENTREGA_CPV","CAP_2021",13,209,147,290,2717,1911,3770
"VERACRUZ-DTO-7","TOTAL_SOLICITUDES","CAP_2021",13,258,167,756.5,3354,2171,9834.5
"VERACRUZ-DTO-8","ENTREGA_CPV","CAP_2021",13,219,195.5,330.5,2847,2541.5,4296.5
"VERACRUZ-DTO-8","TOTAL_SOLICITUDES","CAP_2021",13,348,199.5,934,4524,2593.5,12142
"VERACRUZ-DTO-9","ENTREGA_CPV","CAP_2021",13,176,170,308,2288,2210,4004
"VERACRUZ-DTO-9","TOTAL_SOLICITUDES","CAP_2021",13,296,166,850.5,3848,2158,11056.5
"YUCATAN-DTO-1","ENTREGA_CPV","CAP_2021",13,137,89.5,233,1781,1163.5,3029
"YUCATAN-DTO-1","TOTAL_SOLICITUDES","CAP_2021",13,196,171.5,713.5,2548,2229.5,9275.5
"YUCATAN-DTO-2","ENTREGA_CPV","CAP_2021",13,58,53,106,754,689,1378
"YUCATAN-DTO-2","TOTAL_SOLICITUDES","CAP_2021",13,77,66.5,494.5,1001,864.5,6428.5
"YUCATAN-DTO-3","ENTREGA_CPV","CAP_2021",13,1033,781,1696,13429,10153,22048
"YUCATAN-DTO-3","TOTAL_SOLICITUDES","CAP_2021",13,1527,1003.5,2172.5,19851,13045.5,28242.5
"YUCATAN-DTO-4","ENTREGA_CPV","CAP_2021",13,346,184,514,4498,2392,6682
"YUCATAN-DTO-4","TOTAL_SOLICITUDES","CAP_2021",13,444,214.5,724.5,5772,2788.5,9418.5
"YUCATAN-DTO-5","ENTREGA_CPV","CAP_2021",13,133,13,159.5,1729,169,2073.5
"YUCATAN-DTO-5","TOTAL_SOLICITUDES","CAP_2021",13,156,146.5,694,2028,1904.5,9022
"ZACATECAS-DTO-1","ENTREGA_CPV","CAP_2021",13,181,100.5,291.5,2353,1306.5,3789.5
"ZACATECAS-DTO-1","TOTAL_SOLICITUDES","CAP_2021",13,341,148.5,861,4433,1930.5,11193
"ZACATECAS-DTO-2","ENTREGA_CPV","CAP_2021",13,81,48.5,238,1053,630.5,3094
"ZACATECAS-DTO-2","TOTAL_SOLICITUDES","CAP_2021",13,259,55,929,3367,715,12077
"ZACATECAS-DTO-3","ENTREGA_CPV","CAP_2021",13,221,197.5,415,2873,2567.5,5395
"ZACATECAS-DTO-3","TOTAL_SOLICITUDES","CAP_2021",13,537,177.5,893,6981,2307.5,11609
"ZACATECAS-DTO-4","ENTREGA_CPV","CAP_2021",13,211,174.5,380.5,2743,2268.5,4946.5
"ZACATECAS-DTO-4","TOTAL_SOLICITUDES","CAP_2021",13,413,211,1036,5369,2743,13468
